mae,mse,rmse,mape
3.431613154907227,19.18386221393152,4.37993860846605,3.6600190546102938
