mae,mse,rmse,mape
2.81824665608724,14.092102466569708,3.7539449205562017,2.995615874126926
